"",".y.","group1","group2","p","p.adj","p.format","p.signif","method","cancer","gene","mut_ov_wt","mut_wt_EZ","WT_NUM","MUT_NUM"
"1","splicing_antigenicity","WT","MUT",0.473836208323315,0.47,"0.47","ns","Wilcoxon","all","AGGF1",0.90766202771697,-0.0895156307116002,6437,110
"2","splicing_antigenicity","WT","MUT",0.0127165959060333,0.013,"0.013","*","Wilcoxon","all","CCAR1",0.695498912648873,-0.376072614266122,6418,129
"3","splicing_antigenicity","WT","MUT",0.0512416372450174,0.051,"0.051","ns","Wilcoxon","all","CD2BP2",0.744282744836315,-0.271468450264844,6490,57
"4","splicing_antigenicity","WT","MUT",0.712624441561896,0.71,"0.71","ns","Wilcoxon","all","CDC5L",0.921021304612235,-0.079291223582216,6450,97
"5","splicing_antigenicity","WT","MUT",0.222256179431566,0.22,"0.22","ns","Wilcoxon","all","CDK11A",0.817628532456829,-0.192029298449691,6477,70
"6","splicing_antigenicity","WT","MUT",0.587624298842992,0.59,"0.59","ns","Wilcoxon","all","CDK12",1.04713785725503,0.0419470274007306,6354,193
"7","splicing_antigenicity","WT","MUT",0.22068274730688,0.22,"0.22","ns","Wilcoxon","all","CELF4",0.827307771346322,-0.179976191040389,6418,129
"8","splicing_antigenicity","WT","MUT",0.109475444278068,0.11,"0.11","ns","Wilcoxon","all","CLK4",0.654694699626361,-0.474089410569265,6483,64
"9","splicing_antigenicity","WT","MUT",0.243508433907815,0.24,"0.24","ns","Wilcoxon","all","CWC22",0.849151961532971,-0.148063732332497,6449,98
"10","splicing_antigenicity","WT","MUT",0.0295657359234468,0.03,"0.03","*","Wilcoxon","all","DDX17",0.827702749931947,-0.165584937311478,6455,92
"11","splicing_antigenicity","WT","MUT",0.786908560315954,0.79,"0.79","ns","Wilcoxon","all","DDX18",0.800127228610374,-0.243958699529979,6437,110
"12","splicing_antigenicity","WT","MUT",0.461767147948112,0.46,"0.46","ns","Wilcoxon","all","DDX20",0.814069501867525,-0.213352469192773,6437,110
"13","splicing_antigenicity","WT","MUT",0.850885971312851,0.85,"0.85","ns","Wilcoxon","all","DDX23",0.914798422230591,-0.0789666683722609,6444,103
"14","splicing_antigenicity","WT","MUT",0.134567733723727,0.13,"0.13","ns","Wilcoxon","all","DDX26B",0.804914204443908,-0.215697124325222,6418,129
"15","splicing_antigenicity","WT","MUT",0.115711660681659,0.12,"0.12","ns","Wilcoxon","all","DDX27",0.823173519786448,-0.179386748866754,6444,103
"16","splicing_antigenicity","WT","MUT",0.0165574400595176,0.017,"0.017","*","Wilcoxon","all","DDX3X",0.775578892927734,-0.243049674345644,6415,132
"17","splicing_antigenicity","WT","MUT",0.525416039630408,0.53,"0.53","ns","Wilcoxon","all","DDX41",0.978049007763521,-0.0229685109222085,6472,75
"18","splicing_antigenicity","WT","MUT",0.946407518556652,0.95,"0.95","ns","Wilcoxon","all","DDX50",0.909779250091034,-0.0878786244640136,6456,91
"19","splicing_antigenicity","MUT","WT",0.301076160053373,0.3,"0.3","ns","Wilcoxon","all","DDX5",1.11824917198849,0.105271127924208,6458,89
"20","splicing_antigenicity","WT","MUT",0.420382343107725,0.42,"0.42","ns","Wilcoxon","all","DHX16",0.84545689920831,-0.160941865508836,6422,125
"21","splicing_antigenicity","WT","MUT",0.939722990912046,0.94,"0.94","ns","Wilcoxon","all","DHX35",0.861853303137325,-0.153416460342882,6467,80
"22","splicing_antigenicity","WT","MUT",0.75397285322877,0.75,"0.75","ns","Wilcoxon","all","DHX36",0.932910544724917,-0.0656227399609899,6425,122
"23","splicing_antigenicity","WT","MUT",0.134874572221678,0.13,"0.13","ns","Wilcoxon","all","DHX9",0.79794023108318,-0.218502895324122,6375,172
"24","splicing_antigenicity","WT","MUT",0.663150357748374,0.66,"0.66","ns","Wilcoxon","all","EEF1A1",0.850241054624704,-0.154265289902295,6456,91
"25","splicing_antigenicity","WT","MUT",0.062157316243401,0.062,"0.062","ns","Wilcoxon","all","EFTUD2",0.756732642715368,-0.275444672221827,6431,116
"26","splicing_antigenicity","WT","MUT",0.518027543379403,0.52,"0.52","ns","Wilcoxon","all","EIF2S2",0.971619372596877,-0.0284030075126199,6500,47
"27","splicing_antigenicity","WT","MUT",0.94530994423219,0.95,"0.95","ns","Wilcoxon","all","ELAVL1",0.973647722198853,-0.0237764545684083,6452,95
"28","splicing_antigenicity","WT","MUT",0.531547643168514,0.53,"0.53","ns","Wilcoxon","all","ELAVL2",0.835085005703475,-0.181504581332996,6423,124
"29","splicing_antigenicity","WT","MUT",0.067761575152943,0.068,"0.068","ns","Wilcoxon","all","ELAVL4",0.777066478157577,-0.245864951111104,6425,122
"30","splicing_antigenicity","WT","MUT",0.358148070418969,0.36,"0.36","ns","Wilcoxon","all","FAM58A",0.857747510118934,-0.145059382742742,6499,48
"31","splicing_antigenicity","WT","MUT",0.714224909634826,0.71,"0.71","ns","Wilcoxon","all","FRA10AC1",0.883521954776706,-0.111255627583744,6499,48
"32","splicing_antigenicity","WT","MUT",0.924689579554795,0.92,"0.92","ns","Wilcoxon","all","FUBP1",0.997851872622163,-0.00185925978842798,6441,106
"33","splicing_antigenicity","WT","MUT",0.897870995986809,0.9,"0.9","ns","Wilcoxon","all","FUBP3",1.01223024122861,0.0114425498568441,6467,80
"34","splicing_antigenicity","WT","MUT",0.960246167644452,0.96,"0.96","ns","Wilcoxon","all","GPATCH8",0.92939969031072,-0.0725218746880112,6372,175
"35","splicing_antigenicity","WT","MUT",0.0163124731557079,0.016,"0.016","*","Wilcoxon","all","HNRNPCL1",0.613517413514047,-0.566709496245734,6455,92
"36","splicing_antigenicity","WT","MUT",0.073346525062939,0.073,"0.073","ns","Wilcoxon","all","HNRNPDL",0.804463054935038,-0.184632220828349,6487,60
"37","splicing_antigenicity","WT","MUT",0.294886587010924,0.29,"0.29","ns","Wilcoxon","all","HNRNPD",0.814269813647986,-0.181789050224994,6474,73
"38","splicing_antigenicity","WT","MUT",0.865102358260208,0.87,"0.87","ns","Wilcoxon","all","HNRNPH3",0.873772464156419,-0.134396527551288,6491,56
"39","splicing_antigenicity","WT","MUT",0.208452238738327,0.21,"0.21","ns","Wilcoxon","all","HNRNPK",0.790666370382698,-0.219008898660508,6445,102
"40","splicing_antigenicity","WT","MUT",0.151960031044646,0.15,"0.15","ns","Wilcoxon","all","HNRNPL",0.816205374929382,-0.185038172437663,6469,78
"41","splicing_antigenicity","WT","MUT",0.00296779521712324,0.003,"0.003","**","Wilcoxon","all","IGF2BP3",0.57788911526452,-0.653246994194932,6449,98
"42","splicing_antigenicity","WT","MUT",0.10973415353666,0.11,"0.11","ns","Wilcoxon","all","INTS4",1.1310761241381,0.117676294115283,6438,109
"43","splicing_antigenicity","WT","MUT",0.477443858828146,0.48,"0.48","ns","Wilcoxon","all","INTS7",0.904332817466622,-0.0961539168939806,6439,108
"44","splicing_antigenicity","WT","MUT",0.914115387272105,0.91,"0.91","ns","Wilcoxon","all","KIAA1429",0.883402798766629,-0.112968645756237,6359,188
"45","splicing_antigenicity","WT","MUT",0.691837788228348,0.69,"0.69","ns","Wilcoxon","all","KIN",0.857447481603032,-0.159391605022117,6467,80
"46","splicing_antigenicity","WT","MUT",0.915994093793191,0.92,"0.92","ns","Wilcoxon","all","MBNL2",0.962262008614412,-0.0382278466076941,6480,67
"47","splicing_antigenicity","WT","MUT",0.34622110945443,0.35,"0.35","ns","Wilcoxon","all","MOV10",0.874678086902404,-0.119665358517159,6446,101
"48","splicing_antigenicity","WT","MUT",0.507255287724636,0.51,"0.51","ns","Wilcoxon","all","NCBP1",1.01836330151613,0.0166842724942243,6454,93
"49","splicing_antigenicity","WT","MUT",0.785263350396024,0.79,"0.79","ns","Wilcoxon","all","NELFE",0.903233614972509,-0.103586757405244,6497,50
"50","splicing_antigenicity","WT","MUT",0.0195980735903785,0.02,"0.02","*","Wilcoxon","all","NOVA1",0.797742235755764,-0.216073210739542,6369,178
"51","splicing_antigenicity","WT","MUT",0.470088465450781,0.47,"0.47","ns","Wilcoxon","all","NSRP1",0.856390681118694,-0.152784936836214,6483,64
"52","splicing_antigenicity","WT","MUT",0.247407123880331,0.25,"0.25","ns","Wilcoxon","all","PABPC1",0.852776922740411,-0.150143334110864,6468,79
"53","splicing_antigenicity","WT","MUT",0.976004792443045,0.98,"0.98","ns","Wilcoxon","all","PCBP1",0.819497605891064,-0.20543186999422,6472,75
"54","splicing_antigenicity","WT","MUT",0.162962214691522,0.16,"0.16","ns","Wilcoxon","all","PCBP2",1.09877113071492,0.0932394439885832,6494,53
"55","splicing_antigenicity","WT","MUT",0.112998040555667,0.11,"0.11","ns","Wilcoxon","all","PCBP3",0.78666105207332,-0.230831387484446,6464,83
"56","splicing_antigenicity","WT","MUT",0.581413576005392,0.58,"0.58","ns","Wilcoxon","all","PHF5A",0.70363274170987,-0.329547480418235,6523,24
"57","splicing_antigenicity","WT","MUT",0.146556047789654,0.15,"0.15","ns","Wilcoxon","all","PLRG1",0.756837115711096,-0.276629344227831,6468,79
"58","splicing_antigenicity","WT","MUT",0.781669155235834,0.78,"0.78","ns","Wilcoxon","all","PPIG",0.928432606937051,-0.071744356963443,6437,110
"59","splicing_antigenicity","WT","MUT",0.706091423921992,0.71,"0.71","ns","Wilcoxon","all","PPIL1",0.900599798559112,-0.0995437663820216,6504,43
"60","splicing_antigenicity","WT","MUT",0.849631549260818,0.85,"0.85","ns","Wilcoxon","all","PPIL4",0.862896443803177,-0.150674923386937,6479,68
"61","splicing_antigenicity","WT","MUT",0.35400249758354,0.35,"0.35","ns","Wilcoxon","all","PRPF38B",0.75980754724418,-0.294215225946516,6461,86
"62","splicing_antigenicity","WT","MUT",0.600831666382423,0.6,"0.6","ns","Wilcoxon","all","PRPF39",0.879511764145841,-0.127127533247428,6473,74
"63","splicing_antigenicity","WT","MUT",0.118751814925315,0.12,"0.12","ns","Wilcoxon","all","PRPF3",1.11978296337784,0.11434665440751,6465,82
"64","splicing_antigenicity","WT","MUT",0.0611453190203717,0.061,"0.061","ns","Wilcoxon","all","PRPF40B",0.842694310276415,-0.156033603075661,6440,107
"65","splicing_antigenicity","WT","MUT",0.976411306839482,0.98,"0.98","ns","Wilcoxon","all","PRPF4B",0.947733232970935,-0.0499921473406997,6425,122
"66","splicing_antigenicity","WT","MUT",0.998847880225374,1,"1","ns","Wilcoxon","all","PSIP1",0.983896661197925,-0.0141330663023526,6428,119
"67","splicing_antigenicity","WT","MUT",0.0421521205256813,0.042,"0.042","*","Wilcoxon","all","QKI",0.82478525157891,-0.17799583492998,6385,162
"68","splicing_antigenicity","WT","MUT",0.0721215793927371,0.072,"0.072","ns","Wilcoxon","all","RALYL",0.819033306845849,-0.192805244538961,6421,126
"69","splicing_antigenicity","WT","MUT",0.630365900966233,0.63,"0.63","ns","Wilcoxon","all","RBBP6",0.982510337710268,-0.0163216458551443,6343,204
"70","splicing_antigenicity","WT","MUT",0.0426290586966484,0.043,"0.043","*","Wilcoxon","all","RBM10",0.747777365925355,-0.271084264015605,6397,150
"71","splicing_antigenicity","WT","MUT",0.519182880696126,0.52,"0.52","ns","Wilcoxon","all","RBM15B",1.0410759769556,0.0377996282945819,6438,109
"72","splicing_antigenicity","WT","MUT",0.0263519539915738,0.026,"0.026","*","Wilcoxon","all","RBM25",0.804429496337789,-0.179778960619516,6446,101
"73","splicing_antigenicity","WT","MUT",0.298655111558798,0.3,"0.3","ns","Wilcoxon","all","RBM26",1.05113395042629,0.04433479187927,6426,121
"74","splicing_antigenicity","WT","MUT",0.505421660918313,0.51,"0.51","ns","Wilcoxon","all","RBM27",0.856513393180036,-0.147597936391919,6402,145
"75","splicing_antigenicity","WT","MUT",0.729648097174532,0.73,"0.73","ns","Wilcoxon","all","RBM7",0.899696317599768,-0.110544272735617,6507,40
"76","splicing_antigenicity","WT","MUT",0.917247622162783,0.92,"0.92","ns","Wilcoxon","all","RBM8A",0.873577169828789,-0.133301733160655,6498,49
"77","splicing_antigenicity","WT","MUT",0.638294641126831,0.64,"0.64","ns","Wilcoxon","all","RBMX2",0.886104679603024,-0.128685495521031,6497,50
"78","splicing_antigenicity","WT","MUT",0.247580511413711,0.25,"0.25","ns","Wilcoxon","all","RBMX",0.766741716125442,-0.27048759587151,6449,98
"79","splicing_antigenicity","WT","MUT",0.0026951527681756,0.0027,"0.0027","**","Wilcoxon","all","RNF20",0.735843328798123,-0.293675385196185,6426,121
"80","splicing_antigenicity","WT","MUT",0.638467010158147,0.64,"0.64","ns","Wilcoxon","all","SF1",0.892352552295197,-0.105142747733801,6441,106
"81","splicing_antigenicity","WT","MUT",0.0257958515534689,0.026,"0.026","*","Wilcoxon","all","SF3B1",1.06241848165375,0.056705466498931,6351,196
"82","splicing_antigenicity","WT","MUT",0.215485978140941,0.22,"0.22","ns","Wilcoxon","all","SF3B2",0.787041997290858,-0.236624034431382,6439,108
"83","splicing_antigenicity","WT","MUT",0.472200223890976,0.47,"0.47","ns","Wilcoxon","all","SF3B3",0.979566323648992,-0.0200462768113633,6427,120
"84","splicing_antigenicity","WT","MUT",0.216430502651063,0.22,"0.22","ns","Wilcoxon","all","SKIV2L2",0.797977712696077,-0.225789560704286,6422,125
"85","splicing_antigenicity","WT","MUT",0.322674108046159,0.32,"0.32","ns","Wilcoxon","all","SNRNP200",0.832148556661665,-0.184835743282702,6363,184
"86","splicing_antigenicity","WT","MUT",0.0402574153442142,0.04,"0.04","*","Wilcoxon","all","SNRNP35",0.590649585363584,-0.599028064236237,6504,43
"87","splicing_antigenicity","WT","MUT",0.25608083501615,0.26,"0.26","ns","Wilcoxon","all","SNRNP48",1.10845635800618,0.0995069639903894,6504,43
"88","splicing_antigenicity","WT","MUT",0.768382098944447,0.77,"0.77","ns","Wilcoxon","all","SNRPD3",0.881838901350896,-0.120427700258176,6521,26
"89","splicing_antigenicity","WT","MUT",0.497672738068385,0.5,"0.5","ns","Wilcoxon","all","SNRPN",0.852194804879411,-0.162971937156315,6421,126
"90","splicing_antigenicity","WT","MUT",0.891374068846529,0.89,"0.89","ns","Wilcoxon","all","SPEN",0.888452539542708,-0.115925838640796,6220,327
"91","splicing_antigenicity","WT","MUT",0.183132683192693,0.18,"0.18","ns","Wilcoxon","all","SRSF2",1.04075389138388,0.0408176253761784,6492,55
"92","splicing_antigenicity","WT","MUT",0.0435700264096937,0.044,"0.044","*","Wilcoxon","all","SRSF5",0.649943117608665,-0.440985237611162,6489,58
"93","splicing_antigenicity","WT","MUT",0.946815772885806,0.95,"0.95","ns","Wilcoxon","all","SYNCRIP",0.927588704027691,-0.0698921827250829,6441,106
"94","splicing_antigenicity","WT","MUT",0.366592879542007,0.37,"0.37","ns","Wilcoxon","all","TCERG1",0.874172505023894,-0.126545910672715,6392,155
"95","splicing_antigenicity","WT","MUT",0.683478205624958,0.68,"0.68","ns","Wilcoxon","all","THOC5",0.859450827328145,-0.146873571401759,6466,81
"96","splicing_antigenicity","WT","MUT",0.482144178595011,0.48,"0.48","ns","Wilcoxon","all","THOC6",0.746510439390377,-0.317467373717296,6492,55
"97","splicing_antigenicity","WT","MUT",0.535959247352155,0.54,"0.54","ns","Wilcoxon","all","THOC7",0.834321666861584,-0.16271980413681,6532,15
"98","splicing_antigenicity","WT","MUT",0.913793716466379,0.91,"0.91","ns","Wilcoxon","all","THRAP3",0.853740110733464,-0.162432266322715,6421,126
"99","splicing_antigenicity","WT","MUT",0.898121056205452,0.9,"0.9","ns","Wilcoxon","all","TIA1",0.920090638974615,-0.0833284239205932,6484,63
"100","splicing_antigenicity","WT","MUT",0.805913817818921,0.81,"0.81","ns","Wilcoxon","all","TIAL1",0.877062191962375,-0.130213371794758,6479,68
"101","splicing_antigenicity","WT","MUT",0.536504821789975,0.54,"0.54","ns","Wilcoxon","all","TNPO1",0.905618232338074,-0.105675478755259,6426,121
"102","splicing_antigenicity","WT","MUT",0.244953631702305,0.24,"0.24","ns","Wilcoxon","all","TRIM24",0.804860478149269,-0.221526724196919,6439,108
"103","splicing_antigenicity","WT","MUT",0.387340465534789,0.39,"0.39","ns","Wilcoxon","all","TTC14",0.865504715392655,-0.141858701519758,6377,170
"104","splicing_antigenicity","WT","MUT",0.867068782700044,0.87,"0.87","ns","Wilcoxon","all","U2AF1",1.05813517702177,0.0502003749296654,6483,64
"105","splicing_antigenicity","WT","MUT",0.993281647541367,0.99,"0.99","ns","Wilcoxon","all","U2AF2",0.950339715356012,-0.0477671323877822,6478,69
"106","splicing_antigenicity","WT","MUT",0.747834529868656,0.75,"0.75","ns","Wilcoxon","all","U2SURP",0.919035253150087,-0.0794695987269935,6424,123
"107","splicing_antigenicity","WT","MUT",0.313709462782491,0.31,"0.31","ns","Wilcoxon","all","WBP11",1.10862268359256,0.0979449763203654,6464,83
"108","splicing_antigenicity","WT","MUT",0.0836362478132006,0.084,"0.084","ns","Wilcoxon","all","WBP4",0.836590954733543,-0.141432111783527,6484,63
"109","splicing_antigenicity","WT","MUT",0.0857071763383394,0.086,"0.086","ns","Wilcoxon","all","ZC3H13",0.812774848124249,-0.19409879010525,6348,199
"110","splicing_antigenicity","WT","MUT",0.617526181014697,0.62,"0.62","ns","Wilcoxon","all","ZC3H18",0.894452046523798,-0.107169623150159,6412,135
"111","splicing_antigenicity","WT","MUT",0.416857189231567,0.42,"0.42","ns","Wilcoxon","all","ZC3H4",0.767053390778125,-0.269574059105959,6417,130
"112","splicing_antigenicity","WT","MUT",0.543115107661983,0.54,"0.54","ns","Wilcoxon","all","ZCCHC8",0.844199570301778,-0.157864510516011,6451,96
"113","splicing_antigenicity","WT","MUT",0.848026663914585,0.85,"0.85","ns","Wilcoxon","all","ZCRB1",1.00573515945544,0.00534594599098396,6519,28
"114","splicing_antigenicity","WT","MUT",0.48675981243803,0.49,"0.49","ns","Wilcoxon","all","ZMYM3",0.848741660662583,-0.166199051328165,6356,191
"115","splicing_antigenicity","WT","MUT",0.53855672518319,0.54,"0.54","ns","Wilcoxon","all","ZNF131",0.855934876501834,-0.149549943527374,6469,78
"116","splicing_antigenicity","WT","MUT",0.722672895608663,0.72,"0.72","ns","Wilcoxon","all","ZNF207",0.85344336447733,-0.151186665981395,6471,76
"117","splicing_antigenicity","WT","MUT",0.244212182118115,0.24,"0.24","ns","Wilcoxon","all","ZRSR2",0.836448685468016,-0.162980376524606,6512,35
"118",NA,NA,NA,NA,NA,NA,NA,NA,NA,NA,NA,NA,NA,NA
